{"count":1,"self":109.42103039999999,"total":110.2316077,"children":{"InitializeActuators":{"count":1,"self":0.0020012999999999997,"total":0.0020012999999999997,"children":null},"InitializeSensors":{"count":1,"self":0.0010006,"total":0.0010006,"children":null},"AgentSendState":{"count":5499,"self":0.016995899999999998,"total":0.032999099999999996,"children":{"CollectObservations":{"count":1100,"self":0.011002699999999999,"total":0.011002699999999999,"children":null},"WriteActionMask":{"count":1100,"self":0.0009998,"total":0.0009998,"children":null},"RequestDecision":{"count":1100,"self":0.0040006999999999994,"total":0.0040006999999999994,"children":null}}},"DecideAction":{"count":5499,"self":0.015005399999999999,"total":0.015005399999999999,"children":null},"AgentAct":{"count":5499,"self":0.75757299999999994,"total":0.75757299999999994,"children":null}},"gauges":{"Player.CumulativeReward":{"count":5,"max":-0.200000226,"min":-0.200000226,"runningAverage":-0.200000226,"value":-0.200000226,"weightedAverage":-0.200000226}},"metadata":{"timer_format_version":"0.1.0","start_time_seconds":"1660379810","unity_version":"2021.3.5f1","command_line_arguments":"C:\\Program Files\\Unity\\Hub\\Editor\\2021.3.5f1\\Editor\\Unity.exe -projectpath D:\\연구실 프로젝트\\RL_LevelDesign\\RL_LevelDesign -useHub -hubIPC -cloudEnvironment production -licensingIpc LicenseClient-ashas -hubSessionId bd579c80-1ae2-11ed-be27-bd98fd11015b -accessToken 4yA7x-E7kMikxcL76YA4CAnAEaA8p8MGdrmE0Ba9xrg00df","communication_protocol_version":"1.5.0","com.unity.ml-agents_version":"2.2.1-exp.1","scene_name":"Battleground","end_time_seconds":"1660379920"}}